<?xml version="1.0" encoding="UTF-8"?>
<project-private xmlns="http://www.netbeans.org/ns/project-private/1">
    <editor-bookmarks xmlns="http://www.netbeans.org/ns/editor-bookmarks/2" lastBookmarkId="0"/>
    <open-files xmlns="http://www.netbeans.org/ns/projectui-open-files/2">
        <group>
            <file>file:/C:/Users/benon/OneDrive/Documents/Materi%20Kuliah%20CS/Semester%204/OOP%20Java/Praktikum/praktikum14/src/praktikum14/Praktikum14.java</file>
            <file>file:/C:/Users/benon/OneDrive/Documents/Materi%20Kuliah%20CS/Semester%204/OOP%20Java/Praktikum/praktikum14/src/praktikum14/Daftar.java</file>
            <file>file:/C:/Users/benon/OneDrive/Documents/Materi%20Kuliah%20CS/Semester%204/OOP%20Java/Praktikum/praktikum14/src/praktikum14/MyCrud.java</file>
            <file>file:/C:/Users/benon/OneDrive/Documents/Materi%20Kuliah%20CS/Semester%204/OOP%20Java/Praktikum/praktikum14/src/praktikum14/Beranda.java</file>
        </group>
    </open-files>
</project-private>
